candidate,decision,best_epoch_mean,auc_mean,auc_std,ap_mean,ap_std,acc_mean,acc_std,bal_mean,bal_std,f1_mean,f1_std,prec_mean,prec_std,rec_mean,rec_std,spec_mean,spec_std,tn,fp,fn,tp,thresholds
saved_baseline,fixed0.5,4.8,0.9854779957702681,0.006515076427689486,0.9766861011254097,0.011130511152153655,0.9410842405606804,0.01814234125155297,0.9381291027053491,0.017887706182300064,0.9121909051997811,0.024785290592446604,0.8982234703940554,0.049999726018297073,0.9295442908346135,0.041475602575874806,0.946713914576085,0.03229073335276708,605,34,22,290,0.5000;0.5000;0.5000;0.5000;0.5000
saved_baseline,val_balacc,4.8,0.9854779957702681,0.006515076427689486,0.9766861011254097,0.011130511152153655,0.936973323360758,0.020487700269138466,0.9375516728913903,0.01305930949219051,0.9080463980463982,0.02712930050347141,0.8821217969159008,0.06619939616354377,0.9391193036354327,0.026134621075499805,0.9359840421473479,0.03858255348386279,598,41,19,293,0.2882;0.0627;0.0789;0.7785;0.6952
saved_baseline,val_f1,4.8,0.9854779957702681,0.006515076427689486,0.9766861011254097,0.011130511152153655,0.9380204437796061,0.01890030341873552,0.927728997728552,0.03208887902128085,0.9038334544786158,0.03382282395920865,0.920170741637404,0.06829587773912793,0.8976958525345623,0.0885821501811615,0.9577621429225417,0.03779025255389412,612,27,32,280,0.9962;0.0627;0.5000;0.7785;0.6952
saved_baseline,reported,4.8,0.9854779957702681,0.006515076427689486,0.9766861011254097,0.011130511152153655,0.936973323360758,0.020487700269138466,0.9375516728913903,0.01305930949219051,0.9080463980463982,0.02712930050347141,0.8821217969159008,0.06619939616354377,0.9391193036354327,0.026134621075499805,0.9359840421473479,0.03858255348386279,598,41,19,293,0.2882;0.0627;0.0789;0.7785;0.6952
dropout_0p10,fixed0.5,3.6,0.9859966399138687,0.006018254969321949,0.9768586565041477,0.010644308613195732,0.9442256018172248,0.015374369632649432,0.9428911028405068,0.013423618279589674,0.9172660130675121,0.020881893047044624,0.897416635689012,0.037980274219507795,0.939068100358423,0.020919061066845233,0.9467141053225905,0.023390957421200162,605,34,19,293,0.5000;0.5000;0.5000;0.5000;0.5000
dropout_0p10,val_balacc,3.6,0.9859966399138687,0.006018254969321949,0.9768586565041477,0.010644308613195732,0.943256045873847,0.028012689894764294,0.939827074331036,0.020615919832892852,0.9161377920023546,0.03821687125792008,0.9068524233190857,0.07931522393060819,0.9295954941116232,0.02635912176034105,0.9500586545504486,0.04580513914588302,607,32,22,290,0.6588;0.8885;0.0675;0.7802;0.6728
dropout_0p10,val_f1,3.6,0.9859966399138687,0.006018254969321949,0.9768586565041477,0.010644308613195732,0.9495498490262889,0.021076888149765292,0.9322014864215913,0.031009041479995624,0.9189527622845773,0.03664968219024678,0.9621615817931986,0.02588532190173685,0.8815668202764977,0.06284918073546517,0.982836152566685,0.012693518725785918,628,11,37,275,0.9621;0.8885;0.5000;0.9311;0.8765
dropout_0p10,reported,3.6,0.9859966399138687,0.006018254969321949,0.9768586565041477,0.010644308613195732,0.943256045873847,0.028012689894764294,0.939827074331036,0.020615919832892852,0.9161377920023546,0.03821687125792008,0.9068524233190857,0.07931522393060819,0.9295954941116232,0.02635912176034105,0.9500586545504486,0.04580513914588302,607,32,22,290,0.6588;0.8885;0.0675;0.7802;0.6728
dropout_0p40,fixed0.5,5.0,0.9859536043084638,0.007787290317526089,0.9772333027987361,0.0122060324180718,0.9379539599434887,0.023990363093893255,0.938297294901622,0.021143583499585797,0.9091456443810386,0.03302517136631871,0.8830054612403592,0.05817805568872848,0.9391705069124423,0.030402740712380548,0.9374240828908015,0.035068139445359574,599,40,19,293,0.5000;0.5000;0.5000;0.5000;0.5000
dropout_0p40,val_balacc,5.0,0.9859536043084638,0.007787290317526089,0.9772333027987361,0.0122060324180718,0.9453502867115432,0.026832207765685838,0.942196907377388,0.024892072491106733,0.9186943920840216,0.03888044942524016,0.9072005945107502,0.06548169204760716,0.932821300563236,0.0341782353471035,0.95157251419154,0.036224948468239225,608,31,21,291,0.6602;0.8425;0.2001;0.6527;0.6796
dropout_0p40,val_f1,5.0,0.9859536043084638,0.007787290317526089,0.9772333027987361,0.0122060324180718,0.9453502867115432,0.026832207765685838,0.936554546266277,0.03528105464003822,0.9156673650569946,0.04301541859847702,0.9297812396720406,0.07551414828027589,0.9105990783410138,0.08342548367580743,0.96251001419154,0.041703946572556716,615,24,28,284,0.9947;0.8425;0.2001;0.6527;0.6796
dropout_0p40,reported,5.0,0.9859536043084638,0.007787290317526089,0.9772333027987361,0.0122060324180718,0.9453502867115432,0.026832207765685838,0.942196907377388,0.024892072491106733,0.9186943920840216,0.03888044942524016,0.9072005945107502,0.06548169204760716,0.932821300563236,0.0341782353471035,0.95157251419154,0.036224948468239225,608,31,21,291,0.6602;0.8425;0.2001;0.6527;0.6796
hidden128_attn64,fixed0.5,5.4,0.9846236688355159,0.00725271655930568,0.9756112828212491,0.010042746918161862,0.9421313609795284,0.022772811613586883,0.9372655009781458,0.021960921386095063,0.9132081247450895,0.03195885454358774,0.9053583036681628,0.05253941920606631,0.9230926779313876,0.03438281941284712,0.9514383240249039,0.03126744769444759,608,31,24,288,0.5000;0.5000;0.5000;0.5000;0.5000
hidden128_attn64,val_balacc,5.4,0.9846236688355159,0.00725271655930568,0.9756112828212491,0.010042746918161862,0.9390232416410427,0.012087287008916328,0.933270843049392,0.014421062930044843,0.9079950884500644,0.017740216796764977,0.9015406162464984,0.03896969163993101,0.9166410650281618,0.03808651395736065,0.949900621070622,0.023346920545688946,607,32,26,286,0.2457;0.2188;0.7583;0.5000;0.6272
hidden128_attn64,val_f1,5.4,0.9846236688355159,0.00725271655930568,0.9756112828212491,0.010042746918161862,0.9432782071525526,0.01523291475081839,0.9340145977363061,0.023454262617137817,0.9125584515305747,0.025671309879773445,0.9204301075268818,0.029927368202273805,0.9071172555043523,0.05424750992040918,0.9609119399682597,0.0182574959531586,614,25,29,283,0.9139;0.2188;0.7583;0.5000;0.8234
hidden128_attn64,reported,5.4,0.9846236688355159,0.00725271655930568,0.9756112828212491,0.010042746918161862,0.9390232416410427,0.012087287008916328,0.933270843049392,0.014421062930044843,0.9079950884500644,0.017740216796764977,0.9015406162464984,0.03896969163993101,0.9166410650281618,0.03808651395736065,0.949900621070622,0.023346920545688946,607,32,26,286,0.2457;0.2188;0.7583;0.5000;0.6272
hidden512_attn256,fixed0.5,5.6,0.9847829101567902,0.0066058651833022135,0.9747020810603756,0.009973300220332106,0.9389789190836311,0.020455209888841298,0.9431038373491244,0.01578895271674792,0.9118333300686242,0.02673394302077277,0.8732799430390041,0.046844059514190975,0.955094726062468,0.007363754026424638,0.931112948635781,0.029737898260395943,595,44,14,298,0.5000;0.5000;0.5000;0.5000;0.5000
hidden512_attn256,val_balacc,5.6,0.9847829101567902,0.0066058651833022135,0.9747020810603756,0.009973300220332106,0.9495498490262888,0.018291776756806325,0.9428699133503381,0.014117614369857347,0.9237333763200303,0.024909500147447455,0.9284519062387915,0.06496440015674189,0.9231438812083974,0.03985452383013639,0.9625959454922786,0.03808293380090455,615,24,24,288,0.9618;0.9124;0.0048;0.9135;0.7679
hidden512_attn256,val_f1,5.6,0.9847829101567902,0.0066058651833022135,0.9747020810603756,0.009973300220332106,0.9453613673508962,0.023492740610710806,0.9332965006519254,0.032974624955493,0.914516786458279,0.038958124856573594,0.940763716208681,0.06824647293129894,0.8977470558115719,0.08359603410558103,0.9688459454922785,0.04024561014653928,619,20,32,280,0.9980;0.9124;0.0048;0.9252;0.7679
hidden512_attn256,reported,5.6,0.9847829101567902,0.0066058651833022135,0.9747020810603756,0.009973300220332106,0.9495498490262888,0.018291776756806325,0.9428699133503381,0.014117614369857347,0.9237333763200303,0.024909500147447455,0.9284519062387915,0.06496440015674189,0.9231438812083974,0.03985452383013639,0.9625959454922786,0.03808293380090455,615,24,24,288,0.9618;0.9124;0.0048;0.9135;0.7679
hidden512_sel_balacc,fixed0.5,3.8,0.9840529528004422,0.00770368578024546,0.9744561650456195,0.015674369896345686,0.941106401839386,0.02679401214352655,0.9422154340346195,0.022115015180602125,0.9141623745903091,0.03657300037264166,0.8865067861642366,0.062496629006441734,0.945468509984639,0.01841806144546498,0.9389623580845999,0.03750181318315534,600,39,17,295,0.5000;0.5000;0.5000;0.5000;0.5000
hidden512_sel_balacc,val_balacc,3.8,0.9840529528004422,0.00770368578024546,0.9744561650456195,0.015674369896345686,0.935992686778027,0.035245440454915955,0.9360510118243612,0.02644531737104467,0.9074892920829584,0.04598005406192338,0.886194151490067,0.09155478588635178,0.9359959037378391,0.03706450633570661,0.9361061199108832,0.057833324740427836,598,41,20,292,0.7996;0.1142;0.0126;0.5000;0.7652
hidden512_sel_balacc,val_f1,3.8,0.9840529528004422,0.00770368578024546,0.9744561650456195,0.015674369896345686,0.935992686778027,0.035245440454915955,0.9360510118243612,0.02644531737104467,0.9074892920829584,0.04598005406192338,0.886194151490067,0.09155478588635178,0.9359959037378391,0.03706450633570661,0.9361061199108832,0.057833324740427836,598,41,20,292,0.7996;0.1142;0.0126;0.5000;0.7652
hidden512_sel_balacc,reported,3.8,0.9840529528004422,0.00770368578024546,0.9744561650456195,0.015674369896345686,0.935992686778027,0.035245440454915955,0.9360510118243612,0.02644531737104467,0.9074892920829584,0.04598005406192338,0.886194151490067,0.09155478588635178,0.9359959037378391,0.03706450633570661,0.9361061199108832,0.057833324740427836,598,41,20,292,0.7996;0.1142;0.0126;0.5000;0.7652
hidden512_sel_f1,fixed0.5,3.0,0.9844774761427983,0.00791334023184767,0.9728526852678634,0.017005390011192643,0.9453502867115432,0.021754622726628925,0.943689716852371,0.021938097568579163,0.9187914398240654,0.03152580073614492,0.9004435975260623,0.045980713895139476,0.9390168970814132,0.031121211079336557,0.948362536623329,0.026329740679240543,606,33,19,293,0.5000;0.5000;0.5000;0.5000;0.5000
hidden512_sel_f1,val_balacc,3.0,0.9844774761427983,0.00791334023184767,0.9728526852678634,0.017005390011192643,0.9454167705476607,0.02487015500339178,0.9356210587259677,0.03386661903075596,0.9153184182529251,0.04085246042354785,0.9260295805176589,0.03812415302252834,0.907168458781362,0.06586630418046403,0.9640736586705732,0.020289382272317066,616,23,29,283,0.9840;0.3004;0.6638;0.6092;0.7864
hidden512_sel_f1,val_f1,3.0,0.9844774761427983,0.00791334023184767,0.9728526852678634,0.017005390011192643,0.9422754092911159,0.029951259738247093,0.9292470507894597,0.04572541619460313,0.9082028280864876,0.05317656934257403,0.9322417017297802,0.04081310744445877,0.8912954429083462,0.09732893125822857,0.9671986586705732,0.022293969467736367,618,21,34,278,0.9944;0.3004;0.6638;0.6092;0.7864
hidden512_sel_f1,reported,3.0,0.9844774761427983,0.00791334023184767,0.9728526852678634,0.017005390011192643,0.9422754092911159,0.029951259738247093,0.9292470507894597,0.04572541619460313,0.9082028280864876,0.05317656934257403,0.9322417017297802,0.04081310744445877,0.8912954429083462,0.09732893125822857,0.9671986586705732,0.022293969467736367,618,21,34,278,0.9944;0.3004;0.6638;0.6092;0.7864
lr_2e-4,fixed0.5,2.4,0.9872484034546789,0.004381790577871158,0.9787103284028904,0.009260679576751904,0.9474223662705338,0.016699492205464128,0.9427840448992544,0.01736905932481804,0.920831687472413,0.023910205936847458,0.9151816946921695,0.049984822027469726,0.9294418842805939,0.04194670457764438,0.9561262055179149,0.030359421708932022,611,28,22,290,0.5000;0.5000;0.5000;0.5000;0.5000
lr_2e-4,val_balacc,2.4,0.9872484034546789,0.004381790577871158,0.9787103284028904,0.009260679576751904,0.9527133715615392,0.015625248574717556,0.9386266022618563,0.016301936540876975,0.9257691282324714,0.0242205589766284,0.9565010781133563,0.03727356878740243,0.897542242703533,0.02358298651677456,0.9797109618201795,0.017849536587111005,626,13,32,280,0.7834;0.8532;0.3669;0.5731;0.7860
lr_2e-4,val_f1,2.4,0.9872484034546789,0.004381790577871158,0.9787103284028904,0.009260679576751904,0.9474777694672983,0.024178854210640234,0.9282719395634438,0.036952705199493396,0.9145764676820125,0.04397813650665,0.9670273939028299,0.041267450491912515,0.8721454173067077,0.07966298580453368,0.9843984618201794,0.019788208627093715,629,10,40,272,0.9761;0.8532;0.3669;0.5731;0.7860
lr_2e-4,reported,2.4,0.9872484034546789,0.004381790577871158,0.9787103284028904,0.009260679576751904,0.9527133715615392,0.015625248574717556,0.9386266022618563,0.016301936540876975,0.9257691282324714,0.0242205589766284,0.9565010781133563,0.03727356878740243,0.897542242703533,0.02358298651677456,0.9797109618201795,0.017849536587111005,626,13,32,280,0.7834;0.8532;0.3669;0.5731;0.7860
lr_2e-4_sel_balacc,fixed0.5,2.6,0.9857134799494774,0.007042888893654303,0.977058313987266,0.012054446870722099,0.9474334469098867,0.02268566920375023,0.946091016992273,0.019146972290468404,0.9223235732666997,0.03167687328393373,0.90606726709932,0.06250412544714316,0.9422939068100359,0.03534630489775653,0.9498881271745102,0.03804156320547824,607,32,18,294,0.5000;0.5000;0.5000;0.5000;0.5000
lr_2e-4_sel_balacc,val_balacc,2.6,0.9857134799494774,0.007042888893654303,0.977058313987266,0.012054446870722099,0.9370065652788165,0.03857152394694362,0.9311641083282398,0.028015180413706816,0.9072416244817022,0.049393605587924376,0.9079882970137207,0.10104307624928625,0.9137224782386072,0.03942444518765066,0.9486057384178721,0.06447007615111493,606,33,27,285,0.8589;0.8415;0.0117;0.5000;0.7885
lr_2e-4_sel_balacc,val_f1,2.6,0.9857134799494774,0.007042888893654303,0.977058313987266,0.012054446870722099,0.9370065652788165,0.03857152394694362,0.9311641083282398,0.028015180413706816,0.9072416244817022,0.049393605587924376,0.9079882970137207,0.10104307624928625,0.9137224782386072,0.03942444518765066,0.9486057384178721,0.06447007615111493,606,33,27,285,0.8589;0.8415;0.0117;0.5000;0.7885
lr_2e-4_sel_balacc,reported,2.6,0.9857134799494774,0.007042888893654303,0.977058313987266,0.012054446870722099,0.9370065652788165,0.03857152394694362,0.9311641083282398,0.028015180413706816,0.9072416244817022,0.049393605587924376,0.9079882970137207,0.10104307624928625,0.9137224782386072,0.03942444518765066,0.9486057384178721,0.06447007615111493,606,33,27,285,0.8589;0.8415;0.0117;0.5000;0.7885
lr_2e-4_sel_f1,fixed0.5,4.0,0.9874964969741216,0.0038544143506106586,0.9785577595828432,0.007703029373077521,0.9495055264688773,0.021411950424743576,0.9485107718565843,0.015224188885424756,0.9255961725131632,0.028201731759183647,0.9092855913325945,0.06279836042729721,0.9455709165386585,0.026503322668398745,0.9514506271745102,0.037967012243735554,608,31,17,295,0.5000;0.5000;0.5000;0.5000;0.5000
lr_2e-4_sel_f1,val_balacc,4.0,0.9874964969741216,0.0038544143506106586,0.9785577595828432,0.007703029373077521,0.951655170503338,0.017905686211784087,0.9428410416984871,0.01772772341670733,0.9259537190082645,0.0264657221930309,0.9384648060830042,0.05831576646215176,0.9168970814132104,0.04078767685481003,0.9687850019837636,0.03154637356352696,619,20,26,286,0.7834;0.8532;0.0971;0.7102;0.7975
lr_2e-4_sel_f1,val_f1,4.0,0.9874964969741216,0.0038544143506106586,0.9785577595828432,0.007703029373077521,0.9464195684090972,0.025440742863396173,0.9324863790000745,0.03902715991703931,0.9147610584578058,0.04531049127289828,0.9489911218724778,0.064722877683724,0.891500256016385,0.09318018719496572,0.9734725019837637,0.03458582832805023,622,17,34,278,0.9761;0.8532;0.0971;0.7102;0.7975
lr_2e-4_sel_f1,reported,4.0,0.9874964969741216,0.0038544143506106586,0.9785577595828432,0.007703029373077521,0.9464195684090972,0.025440742863396173,0.9324863790000745,0.03902715991703931,0.9147610584578058,0.04531049127289828,0.9489911218724778,0.064722877683724,0.891500256016385,0.09318018719496572,0.9734725019837637,0.03458582832805023,622,17,34,278,0.9761;0.8532;0.0971;0.7102;0.7975
maxpatch_2048_eval2048,fixed0.5,5.4,0.9834362942535408,0.005823327672332728,0.9738962722697806,0.010372286311667945,0.9368846782459348,0.02215667803155073,0.9374343698703548,0.0148477956570844,0.9080172089401171,0.027800765831130843,0.8827454480671155,0.0667223076464338,0.939068100358423,0.03490048940435445,0.9358006393822865,0.04332344965329655,598,41,19,293,0.5000;0.5000;0.5000;0.5000;0.5000
maxpatch_2048_eval2048,val_balacc,5.4,0.9834362942535408,0.005823327672332728,0.9738962722697806,0.010372286311667945,0.940059281420538,0.016922359802230752,0.9389710729437608,0.01625412118462832,0.9112608388225057,0.024087881927057738,0.888444459603531,0.0361035924633113,0.9358422939068101,0.019709603932479017,0.9420998519807118,0.020501948875331518,602,37,20,292,0.5000;0.5000;0.5000;0.2590;0.7242
maxpatch_2048_eval2048,val_f1,5.4,0.9834362942535408,0.005823327672332728,0.9738962722697806,0.010372286311667945,0.9379539599434888,0.016411734752719166,0.9284580536538334,0.022679460786227654,0.9047965569695491,0.02520318466791553,0.9144065762047224,0.05853580766964193,0.9007168458781362,0.06188409079498996,0.9561992614295306,0.03262981995976822,611,28,31,281,0.9829;0.5000;0.5000;0.8067;0.7242
maxpatch_2048_eval2048,reported,5.4,0.9834362942535408,0.005823327672332728,0.9738962722697806,0.010372286311667945,0.940059281420538,0.016922359802230752,0.9389710729437608,0.01625412118462832,0.9112608388225057,0.024087881927057738,0.888444459603531,0.0361035924633113,0.9358422939068101,0.019709603932479017,0.9420998519807118,0.020501948875331518,602,37,20,292,0.5000;0.5000;0.5000;0.2590;0.7242
sel_balacc_thr_balacc,fixed0.5,4.6,0.9837125000281285,0.006503112926646692,0.976089832527312,0.009937400481102305,0.9432006426770825,0.020615941946367334,0.9437597654299683,0.017560164159648953,0.9166193615625051,0.028141890739911024,0.8905207537560479,0.047512709049904775,0.945468509984639,0.01841806144546498,0.9420510208752976,0.02877785661375316,602,37,17,295,0.5000;0.5000;0.5000;0.5000;0.5000
sel_balacc_thr_balacc,val_balacc,4.6,0.9837125000281285,0.006503112926646692,0.976089832527312,0.009937400481102305,0.9401257652566553,0.024617391327894516,0.9424023995986577,0.016892327822983805,0.9132598019413438,0.03170797780070068,0.8834570996617455,0.067566896169638,0.9487967229902715,0.02594432706933552,0.9360080762070438,0.04283203369448657,598,41,16,296,0.7591;0.0545;0.0644;0.5509;0.7090
sel_balacc_thr_balacc,val_f1,4.6,0.9837125000281285,0.006503112926646692,0.976089832527312,0.009937400481102305,0.9485027286074406,0.011292385928816987,0.946090821704184,0.011321133920692521,0.9229979314377467,0.016232431254523286,0.9085653247699705,0.03426992563769303,0.9391193036354327,0.026134621075499805,0.9530623397729354,0.019962658896476783,609,30,19,293,0.7591;0.0545;0.5000;0.5509;0.7090
sel_balacc_thr_balacc,reported,4.6,0.9837125000281285,0.006503112926646692,0.976089832527312,0.009937400481102305,0.9401257652566553,0.024617391327894516,0.9424023995986577,0.016892327822983805,0.9132598019413438,0.03170797780070068,0.8834570996617455,0.067566896169638,0.9487967229902715,0.02594432706933552,0.9360080762070438,0.04283203369448657,598,41,16,296,0.7591;0.0545;0.0644;0.5509;0.7090
sel_f1_thr_f1,fixed0.5,5.0,0.9853810096693651,0.00550631762802018,0.976805903615368,0.01038656323960635,0.9442366824565778,0.020380433235305154,0.9404790042801523,0.02045985037422096,0.9165093333951664,0.02855622039272875,0.9062565302853123,0.0514593211342768,0.9295442908346135,0.03987671962738498,0.9514137177256913,0.031281385705644246,608,31,22,290,0.5000;0.5000;0.5000;0.5000;0.5000
sel_f1_thr_f1,val_balacc,5.0,0.9853810096693651,0.00550631762802018,0.976805903615368,0.01038656323960635,0.9443253275714009,0.017065650566630224,0.9422656699543512,0.01718407072669099,0.9171651970524921,0.023974396105721014,0.9027900521784726,0.05708983646185305,0.9360471070148488,0.046125741069776224,0.9484842328938534,0.03401411971778974,606,33,20,292,0.6851;0.1801;0.1576;0.7160;0.7370
sel_f1_thr_f1,val_f1,5.0,0.9853810096693651,0.00550631762802018,0.976805903615368,0.01038656323960635,0.9443253275714009,0.017065650566630224,0.9422656699543512,0.01718407072669099,0.9171651970524921,0.023974396105721014,0.9027900521784726,0.05708983646185305,0.9360471070148488,0.046125741069776224,0.9484842328938534,0.03401411971778974,606,33,20,292,0.6851;0.1801;0.1576;0.7160;0.7370
sel_f1_thr_f1,reported,5.0,0.9853810096693651,0.00550631762802018,0.976805903615368,0.01038656323960635,0.9443253275714009,0.017065650566630224,0.9422656699543512,0.01718407072669099,0.9171651970524921,0.023974396105721014,0.9027900521784726,0.05708983646185305,0.9360471070148488,0.046125741069776224,0.9484842328938534,0.03401411971778974,606,33,20,292,0.6851;0.1801;0.1576;0.7160;0.7370
